neighborhood,price,bedrooms,bathrooms,house_size,description,neighborhood_description
"Cityscape Heights","$650,000","2","2","120 m²","Step into luxury living in this modern downtown apartment at Cityscape Heights. This 2-bedroom, 2-bathroom unit offers breathtaking city views from every room. The sleek and stylish design features high-end finishes, floor-to-ceiling windows, and a gourmet kitchen with top-of-the-line appliances. The spacious master bedroom includes a walk-in closet and en-suite bathroom with a soaking tub. Enjoy the convenience of urban living with easy access to trendy restaurants, shopping, and entertainment options just steps away from your doorstep.","Cityscape Heights is a vibrant urban neighborhood known for its bustling nightlife, upscale dining options, and cultural attractions. Residents can take advantage of the nearby fitness centers, parks, and walking trails. With excellent schools and a diverse community, Cityscape Heights offers a dynamic and lively atmosphere for residents seeking a cosmopolitan lifestyle."
"Willow Creek Estates","$650,000","4","3","220 m²","Escape to this sprawling ranch-style home in the peaceful neighborhood of Willow Creek Estates. This 4-bedroom, 3-bathroom home offers a blend of modern amenities and classic charm. The spacious living room features a cozy fireplace and large windows overlooking the lush backyard. The master suite boasts a luxurious en-suite bathroom with a soaking tub and separate shower. Step outside to the expansive backyard, perfect for entertaining or relaxing in the fresh air. Enjoy the tranquility of suburban living in this Willow Creek Estates retreat.","Willow Creek Estates is known for its quiet streets, mature trees, and friendly neighbors. The neighborhood is conveniently located near top-rated schools, parks, and shopping centers. Residents can enjoy weekends at the nearby Willow Creek Golf Course or explore the scenic walking trails at Willow Creek Park. Experience the perfect blend of serenity and convenience in Willow Creek Estates."
"Willow Creek Estates","$450,000","2","1","110 m²","Escape to this charming 2-bedroom, 1-bathroom cottage in the tranquil Willow Creek Estates. This cozy home features a rustic stone fireplace, hardwood floors, and a spacious backyard perfect for hosting summer BBQs. Enjoy the peaceful surroundings and nature views from the deck, or take a short walk to the nearby Willow Creek Park for a relaxing afternoon. Ideal for a small family looking for a cozy retreat in a picturesque setting.","Willow Creek Estates offers a quiet and family-friendly atmosphere with tree-lined streets and friendly neighbors. The neighborhood is known for its top-rated schools, community events, and easy access to hiking trails and outdoor activities. Enjoy the convenience of local shops, cafes, and restaurants while being just a short drive away from the bustling city center."
"Sunset Heights","$1,500,000","4","3","280 m²","Indulge in the epitome of luxury living with this exquisite 4-bedroom, 3-bathroom penthouse in Sunset Heights. The penthouse features top-of-the-line finishes such as marble countertops, custom cabinetry, and high-end appliances. Floor-to-ceiling windows offer breathtaking views of the city skyline, while the expansive terrace provides the perfect space for outdoor entertaining. The master suite boasts a spa-like bathroom with a soaking tub and dual vanities, creating a serene retreat. Experience sophisticated urban living at its finest in this Sunset Heights penthouse.","Sunset Heights is a vibrant neighborhood known for its upscale dining options, boutique shops, and lively nightlife. Residents enjoy easy access to the city's best cultural attractions and entertainment venues. The neighborhood is also home to top-rated schools, beautiful parks, and convenient public transportation options, making it an ideal location for those seeking a luxurious urban lifestyle."
"Victorian Heights","$950,000","4","2","220 m²","Step back in time with this stunning Victorian home in the sought-after neighborhood of Victorian Heights. This 4-bedroom, 2-bathroom property exudes historical charm with original hardwood floors, intricate crown molding, and a grand staircase. The spacious living room features a fireplace perfect for cozy evenings, while the updated kitchen offers modern appliances with a touch of vintage flair. Enjoy the serene backyard garden, ideal for hosting summer gatherings or simply relaxing in the shade of the towering oak trees. Experience timeless elegance in this meticulously maintained Victorian home in Victorian Heights.","Victorian Heights is known for its tree-lined streets, historic architecture, and vibrant community atmosphere. Residents can enjoy local boutiques, restaurants, and cafes within walking distance. Nearby parks and playgrounds provide recreational opportunities for families, while top-rated schools make this neighborhood highly desirable for young professionals and growing families alike."
"Sunset Meadows","$650,000","4","2","200 m²","Welcome to this spacious 4-bedroom, 2-bathroom family home in the desirable Sunset Meadows neighborhood. This property features a large backyard with a sparkling pool, perfect for outdoor entertaining and summer fun. The open floor plan includes a modern kitchen with granite countertops, stainless steel appliances, and a breakfast bar. The master suite offers a walk-in closet and en-suite bathroom with a soaking tub and dual vanity. Enjoy the suburban lifestyle in this charming Sunset Meadows home!","Sunset Meadows is a family-friendly neighborhood with top-rated schools, parks, and community events. Residents can enjoy the nearby Sunset Meadows Park for picnics, playgrounds, and sports activities. The neighborhood also offers easy access to shopping centers, restaurants, and local amenities. Experience the best of suburban living in Sunset Meadows!"
"Willow Creek Estates","$650,000","4","3","220 m²","Escape to this stunning eco-friendly home in the desirable Willow Creek Estates neighborhood. This 4-bedroom, 3-bathroom house features solar panels that provide energy efficiency and cost savings. The spacious living room with large windows offers plenty of natural light and views of the lush backyard. The modern kitchen is equipped with energy-efficient appliances and opens up to a covered patio, perfect for entertaining. The property includes a well-maintained vegetable garden, allowing you to enjoy fresh produce right at home. Experience sustainable living at its finest in this Willow Creek Estates gem.","Willow Creek Estates is a family-friendly neighborhood known for its top-rated schools, parks, and tree-lined streets. Residents enjoy easy access to walking trails, community events, and local shops. With a strong sense of community and a focus on sustainability, Willow Creek Estates offers a peaceful and environmentally-conscious lifestyle."
"Artisan's Haven","$650,000","2","1","120 m²","Step into this modern and sleek 2-bedroom, 1-bathroom loft located in the vibrant Artisan's Haven neighborhood. The open floor plan, high ceilings, and large windows create a bright and airy living space perfect for artists and creatives. The industrial-style kitchen features stainless steel appliances and a breakfast bar, ideal for entertaining guests. The loft includes a private rooftop terrace with stunning city views, perfect for enjoying a glass of wine at sunset. Embrace the artistic vibes of Artisan's Haven in this stylish and minimalist loft!","Artisan's Haven is a bustling artistic neighborhood filled with galleries, studios, and trendy cafes. Enjoy live music at the local venues or explore the street art that adorns the walls of the neighborhood. With easy access to public transportation, art schools, and creative workshops, this neighborhood is a haven for those seeking inspiration and community."
"Sunset Shores","$1,500,000","4","3","280 m²","Escape to this luxurious lakefront property in Sunset Shores with a private dock. This stunning 4-bedroom, 3-bathroom home offers panoramic views of the water from every room. The spacious living area features vaulted ceilings, a cozy fireplace, and floor-to-ceiling windows that showcase the serene lake views. The gourmet kitchen is a chef's dream with high-end appliances, granite countertops, and a large island. Step outside to the expansive deck with a hot tub and outdoor kitchen, perfect for entertaining guests by the water. Live the ultimate waterfront lifestyle in this Sunset Shores masterpiece.","Sunset Shores is a prestigious waterfront community known for its upscale homes and exclusive amenities. Residents enjoy private beach access, tennis courts, and a marina for boating enthusiasts. The neighborhood is surrounded by lush greenery and offers a tranquil escape from the city hustle. Top-rated schools, fine dining restaurants, and boutique shops are just a short drive away, making Sunset Shores the perfect blend of luxury living and natural beauty."
"Willow Creek Estates","$650,000","4","3","200 m²","Step into luxury living in this stunning 4-bedroom, 3-bathroom townhouse located in the prestigious Willow Creek Estates gated community. The property features high-end finishes, a gourmet kitchen with granite countertops, a spacious master suite with a walk-in closet, and a private backyard perfect for entertaining. Residents of Willow Creek Estates enjoy access to a community pool, tennis courts, and a fitness center, offering the ultimate in upscale living. Don't miss this opportunity to own a piece of elegance in Willow Creek Estates!","Willow Creek Estates is known for its upscale amenities and exclusive community atmosphere. Residents can enjoy a tranquil environment with well-maintained landscaping, top-rated schools nearby, and convenient access to shopping and dining options. Experience luxury living at its finest in Willow Creek Estates."
